{
    "totalCount": 1,
    "data": [
        {
            "s": "BINANCE:ETHUSDT",
            "d": [
                0.09090909,
                -0.22121212,
                -0.53333333,
                45.53531913,
                45.59840505,
                51.0523337,
                47.40466974
            ]
        }
    ]
}